ficto:NarrativeSegment,ficto:involves,ficto:hasNarrativeInstance,ficto:hasFormOfSpeech,cito:cites,prov:value
narr_seg_expr_1.1,sherlock_doyle1,narrator_1.1,direct-speech,name,"«Non conosce ancora Sherlock Holmes. Forse non le andrà a genio come compagno fisso». «Perché, cos’ha che non va?» «Oh, non ho detto che ci sia qualcosa che non va in lui. Solo che è un tantino stravagante. È un fanatico di alcuni settori della scienza. Comunque mi risulta che sia un tipo abbastanza a posto»"
narr_seg_expr_1.1,,,,psych_prof_1,
narr_seg_expr_1.1,,,,inter_1,
narr_seg_expr_1.2,sherlock_doyle1,narrator_1.1,direct-speech,knowledge_1,"«Credo che sia discretamente ferrato in anatomia, ed è un chimico coi fiocchi. […] I suoi studi sono caotici ed estemporanei. Ha accumulato un sacco di nozioni curiose che lascerebbero a bocca aperta i suoi professori»"
narr_seg_expr_1.2,,,,habit_2,
narr_seg_expr_1.2,,,,attitude_1,
narr_seg_expr_1.3,sherlock_doyle1,narrator_1.1,direct-speech,psych_prof_2,"«No, non è uno che si sbottona molto, anche se può essere abbastanza espansivo quando gli salta il ticchio»"
narr_seg_expr_1.3,,,,psych_prof_3,
narr_seg_expr_1.4,sherlock_doyle1,narrator_1.1,direct-speech,methodology,«Non è facile spiegare l’inspiegabile» […] «Holmes è un tantino troppo scienziato per i miei gusti… rasenta l’animale a sangue freddo. […] Pare che sia uno sfegatato paladino del sapere esatto e specifico»
narr_seg_expr_1.4,,,,principle,
narr_seg_expr_1.5,sherlock_doyle1,narrator_1.1,direct-speech,knowledge_2,"«Lei è un’enciclopedia ambulante del crimine, se non sempre irriverente», disse Stamford con una risata. «Potrebbe fondare una rivista sull’argomento, e chiamarla ‘Annali del delitto’». «E sarebbe una lettura molto interessante», ribatté Sherlock Holmes […]»"
narr_seg_expr_1.6,sherlock_doyle1,narrator_1.1,direct-speech,habit_1,«Spero non le dia fastidio l’odore del tabacco forte». […] «Perfetto. Di solito tengo in casa un po' di sostanze chimiche e ogni tanto faccio qualche piccolo esperimento. La disturba?» […] «Vediamo. Quali sono gli altri miei difetti? Talvolta vado soggetto a crisi di depressione e non apro bocca per giorni e giorni […]»
narr_seg_expr_1.6,,,,habit_2,
narr_seg_expr_1.6,,,,emo_state_1,
narr_seg_expr_1.7,sherlock_doyle1,narrator_1.1,direct-speech,expertise_1,"«A proposito, come diavolo faceva a sapere che vengo dall'Afghanistan?» domandai d'un tratto, fermandomi e girandomi verso Stamford. Il mio compagno fece un sorriso enigmatico. «È la sua piccola peculiarità. Non le dico quante sono le persone che vorrebbero sapere come fa a scoprire le cose»"
narr_seg_expr_1.8,sherlock_doyle1,narrator_1.1,narrated-speech,habit_3,"«Era un tipo tranquillo, dalle abitudini regolari»"
narr_seg_expr_1.9,sherlock_doyle1,narrator_1.1,narrated-speech,psych_prof_4,"«Non c’era sforzo superiore alle sue energie quando lo prendeva un accesso di attivismo, ma ogni tanto cadeva preda di una reazione contraria e rimaneva sdraiato per giorni di fila sul divano del salotto»"
narr_seg_expr_1.9,,,,psych_prof_5,
narr_seg_expr_1.10,sherlock_doyle1,narrator_1.1,narrated-speech,habit_4,«C’era quasi da sospettare che facesse uso di droghe se non ci fosse stata a smentirlo la sua vita sana e morigerata»
narr_seg_expr_1.10,,,,habit_3,
narr_seg_expr_1.11,narr_seg_expr1.12,narrator_1.1,narrated-speech,feature_1,"«Era alto più di un metro e ottanta, e talmente magro da sembrare ancor più allampanato»"
narr_seg_expr_1.11,,,,feature_2,
narr_seg_expr_1.12,sherlock_doyle1,narrator_1.1,narrated-speech,mannerism_1,"«Lo sguardo era acuto e penetrante, a parte i succitati periodi di torpore, e il suo affilato naso aquilino conferiva al viso un’espressione decisa e attenta»"
narr_seg_expr_1.12,,,,feature_3,
narr_seg_expr_1.13,sherlock_doyle1,narrator_1.1,narrated-speech,feature_3,"«Anche il mento, pronunciato e quadrato, denotava una persona dal carattere volitivo»"
narr_seg_expr_1.14,sherlock_doyle1,narrator_1.1,narrated-speech,feature_3,"«Le mani erano costantemente chiazzate d’inchiostro e di macchie da sostanze chimiche, eppure aveva un tocco straordinariamente delicato»"
narr_seg_expr_1.15,sherlock_doyle1,narrator_1.1,narrated-speech,psych_prof_2,"«Forse il lettore mi giudicherà un tremendo ficcanaso, ma confesso che quell'uomo stimolava la mia curiosità. Tentai a più riprese di lacerare la cortina di reticenza dietro cui si trincerava per tutto quanto riguardava la sua persona»"
narr_seg_expr_1.16,sherlock_doyle1,narrator_1.1,narrated-speech,occupation_1,«Holmes non studiava medicina»
narr_seg_expr_1.17,sherlock_doyle1,narrator_1.1,narrated-speech,occupation_1,«Né sembrava frequentare alcun corso valevole per una laurea nelle materie scientifiche o qualunque altra via di accesso al mondo accademico»
narr_seg_expr_1.18,sherlock_doyle1,narrator_1.1,narrated-speech,attitude_17,"«Eppure il suo zelo in certi campi era notevole, e la sua cultura, entro limiti non meglio precisati, talmente vasta e dettagliata che certe sue osservazioni mi sorprendevano»"
narr_seg_expr_1.18,,,,knowledge_3,
narr_seg_expr_1.19,sherlock_doyle1,narrator_1.1,narrated-speech,knowledge_3,«La sua ignoranza era notevole quanto il sapere»
narr_seg_expr_1.19,,,,knowledge_4,
narr_seg_expr_1.20,sherlock_doyle1,narrator_1.1,narrated-speech,knowledge_5,"«Sembrava conoscere poco o nulla di letteratura, filosofia e politica»"
narr_seg_expr_1.20,,,,knowledge_6,
narr_seg_expr_1.20,,,,knowledge_7,
narr_seg_expr_1.21,sherlock_doyle1,narrator_1.1,narrated-speech,knowledge_8,«Ma il mio stupore giunse al colmo quando scoprii per caso che ignorava la teoria copernicana e la struttura del sistema solare»
narr_seg_expr_1.22,sherlock_doyle1,narrator_1.1,direct-speech,methodology,"«Sa, ritengo che all'inizio il cervello dell'uomo sia simile a un solaio vuoto, che devi riempire con tutta la mobilia che ti va,» spiegò. «Lo sciocco ci sbatte dentro tutto il ciarpame che gli capita [...]. Invece l'operatore esperto sta molto attento a quello che butta nella testa-solaio. [...] Mi creda, viene il momento in cui per ogni nozione che ci aggiunge dimenticherà qualcosa che sapeva prima. Pertanto è fondamentale evitare i dati inutili che tolgono spazio a quelli utili»"
narr_seg_expr_1.23,sherlock_doyle1,narrator_1.1,narrated-speech,knowledge_5,«SHERLOCK HOLMES: Letteratura: zero»
narr_seg_expr_1.24,sherlock_doyle1,narrator_1.1,direct-speech,knowledge_6,«SHERLOCK HOLMES: Filosofia: zero»
narr_seg_expr_1.25,sherlock_doyle1,narrator_1.1,narrated-speech,knowledge_9,«SHERLOCK HOLMES: Astronomia: zero»
narr_seg_expr_1.26,sherlock_doyle1,narrator_1.1,direct-speech,knowledge_7,«SHERLOCK HOLMES: Politica: poco o nulla»
narr_seg_expr_1.27,sherlock_doyle1,narrator_1.1,narrated-speech,knowledge_10,"«SHERLOCK HOLMES:Botanica: a seconda. Ferrato su belladonna, oppio e veleni in genere. Non sa nulla di giardinaggio pratico»"
narr_seg_expr_1.28,sherlock_doyle1,narrator_1.1,direct-speech,knowledge_11,"«SHERLOCK HOLMES:Geologia: pratica ma limitata. Sa distinguere alla prima occhiata un tipo di terreno dall’altro. Dopo le sue passeggiate mi ha mostrato gli schizzi di fango sui pantaloni, spiegando in base al colore e alla consistenza da quale zona di Londra provenivano»"
narr_seg_expr_1.29,sherlock_doyle1,narrator_1.1,narrated-speech,knowledge_12,«SHERLOCK HOLMES: Chimica: profonda»
narr_seg_expr_1.30,sherlock_doyle1,narrator_1.1,direct-speech,knowledge_1,"«SHERLOCK HOLMES: Anatomia: accurata, ma poco sistematica»"
narr_seg_expr_1.31,sherlock_doyle1,narrator_1.1,narrated-speech,knowledge_2,«SHERLOCK HOLMES: Cronaca nera: sterminata. Sembra che conosca i minimi dettagli di tutti i crimini orrendi perpetrati nel secolo»
narr_seg_expr_1.32,sherlock_doyle1,narrator_1.1,direct-speech,habit_5,«SHERLOCK HOLMES: Suona molto bene il violino»
narr_seg_expr_1.33,sherlock_doyle1,narrator_1.1,narrated-speech,skill_1,«SHERLOCK HOLMES: è provetto spadaccino e pugile ed esperto di lotta con i bastoni»
narr_seg_expr_1.34,sherlock_doyle1,narrator_1.1,direct-speech,knowledge_13,«SHERLOCK HOLMES: Ha una discreta conoscenza pratica delle leggi britanniche»
narr_seg_expr_1.35,sherlock_doyle1,narrator_1.1,narrated-speech,mannerism_2,"«Di solito alla sera abbassava le palpebre, si accasciava contro lo schienale della poltrona, e grattava distrattamente le corde del violino posato sulle ginocchia»"
narr_seg_expr_1.35,,,,habit_6,
narr_seg_expr_1.35,,,,habit_5,
narr_seg_expr_1.36,sherlock_doyle1,narrator_1.1,narrated-speech,habit_5,"«Talvolta erano accordi armoniosi e malinconici, talvolta fantasiosi e allegri. Riflettevano chiaramente i pensieri in cui era immerso, ma non riuscivo a capire se la musica li aiutava o se quello strimpellare era soltanto frutto di un capriccio o di una fantasia»"
narr_seg_expr_1.37,sherlock_doyle1,narrator_1.1,narrated-speech,habit_5,"«Se non erro, ho accennato alla sua maestria con il violino. Era davvero notevole, ma stravagante come tutti gli altri suoi talenti»"
narr_seg_expr_1.38,sherlock_doyle1,narrator_1.1,direct-speech,occupation_2,"«Ogni volta si scusava con me per l'incomodo dicendo: «Sono costretto a usare questa stanza a mo' di ufficio. Sa', sono i miei clienti»"
narr_seg_expr_1.39,sherlock_doyle1,narrator_1.1,indirect-style,methodology,"«L'autore sosteneva che una fugace espressione, il guizzo di un muscolo o un'occhiata potevano bastare a interpretare i pensieri più riposti. A parer suo era impossibile fingere e mentire a una persona addestrata all'analisi e all'osservazione. Le conclusioni a cui arrivava l'autore suonavano indiscutibili come altrettanti teoremi di Euclide, e i risultati ottenibili sarebbero apparsi così stupefacenti a un profano da fargli sospettare di essere in presenza di uno stregone, almeno finché non gli fosse stato spiegato il metodo grazie al quale questi li aveva conseguiti»"
narr_seg_expr_1.40,sherlock_doyle1,narrator_1.1,indirect-style,methodology,"«Da una goccia d'acqua una persona logica può dedurre la possibile esistenza dell'Atlantico o delle cascate del Niagara senza aver visto o udito ne l'uno né le altre,» sosteneva l'autore. «Così tutta la vita è una grande catena la cui natura ci si svela ogni volta che ce ne mostrano un solo anello. Come tutte le arti, la Scienza della deduzione e analisi può essere acquisita soltanto dopo studi lunghi e pazienti, e la vita non è abbastanza lunga da permettere a un qualsiasi mortale di arrivare alla perfezione. Prima di affrontare gli aspetti morali e intellettuali dell'argomento che presentano le maggiori difficoltà, l'analista deve partire dai problemi più elementari, per esempio imparare durante l'incontro con un suo simile a distinguere alla prima occhiata il passato di quell'individuo e il suo lavoro o professione. Anche se potrebbe sembrare un esercizio puerile, affina le facoltà di osservazione e insegna dove dobbiamo guardare e cosa cercare. Dale unghie di un uomo, dalla manica della giacca, dagli stivali, dai pantaloni, dai calli su pollice. eindice, dall'espresisone del viso, dai polsini, da ognuna di queste cose possiamo facilmente ricavare la professione di un uomo. È inconcepibile che tutto questo messo assieme non basti a illuminare l'analista competente in tutti i tipi di indagine»"
narr_seg_expr_1.41,sherlock_doyle1,narrator_1.1,direct-speech,expertise_2,«Sì. Sono molto portato sia all'osservazione che alla deduzione»
narr_seg_expr_1.41,,,,expertise_3,
narr_seg_expr_1.42,sherlock_doyle1,narrator_1.1,direct-speech,occupation_3,"«Le teorie che ho esposto in quelle pagine, e che le sembrano chimeriche, sono in realtà estremamente pratiche... tanto che sono loro a fornirmi pane e companatico»"
narr_seg_expr_1.43,sherlock_doyle1,narrator_1.1,direct-speech,occupation_3,"«Mah, il mio è un lavoro abbastanza speciale. Credo di essere l’unico al mondo. Sono un consulente nelle indagini […]. Quando costoro [investigatori] si trovano in difficoltà, vengono da me [..]. Loro mi elencano tutti gli indizi che hanno, e di solito io riesco a metterli sulla pista giusta grazie alla mia conoscenza della storia del crimine»"
narr_seg_expr_1.44,sherlock_doyle1,narrator_1.1,direct-speech,expertise_3,"«Mi sta dicendo che, senza uscire di casa, è in grado di risolvere enigmi insolubili per gli altri […]?»"
narr_seg_expr_1.45,sherlock_doyle1,narrator_1.1,direct-speech,expertise_2,«All’incirca. Ho questo tipo di intuito. Ogni tanto mi portano un caso un tantino più complesso e mi tocca mettere il naso fuori di casa per vedere le cose con i miei occhi. […] Per me le doti di osservazione sono una seconda natura […]»
narr_seg_expr_1.46,sherlock_doyle1,narrator_1.1,narrated-speech,habit_2,«Sherlock Holmes si alzò e accese la pipa»
narr_seg_expr_1.47,sherlock_doyle1,narrator_1.1,narrated-speech,kin_habit_1,"«Sherlock Holmes sbuffò sprezzante, poi rispose stizzito [...]»"
narr_seg_expr_1.48,sherlock_doyle1,narrator_1.1,narrated-speech,self_perception,"«[...] andai alla finestra e mi misi a guardare la strada trafficata, dicendomi che quel tipo era forse molto astuto, ma sicuramente si dava troppe arie»"
narr_seg_expr_1.49,sherlock_doyle1,narrator_1.1,direct-speech,aspiration_1,«A che serve avere cervello nella nostra professione? So benissimo di avere la stoffa per diventare famoso. non c'è né c'è mai stato nessun altro che abbia investito la medesima quantità di studio e doti naturali nella soluzione dei crimini»
narr_seg_expr_1.50,sherlock_doyle1,narrator_1.1,narrated-speech,mannerism_1,"«Quando mi girai verso di lui, Holmes aveva finito di leggere il messaggio. Il suo sguardo era neutro e spento, segno che era impegnato a riflettere»"
narr_seg_expr_1.51,sherlock_doyle1,narrator_1.1,direct-speech,attitude_2,"«Non so ancora se ci andrò [sul luogo del crimine a Lauriston Gardens]. Sono il più inguaribile pigro che sia mai apparso sulla terra, o meglio, quando mi prendono quelle crisi, perché talvolta so essere parecchio dinamico»"
narr_seg_expr_1.51,,,,attitude_3,
narr_seg_expr_1.52,sherlock_doyle1,narrator_1.1,narrated-speech,pers_style_1,"«S'infilo in fretta il soprabito, muovendosi con una celerità che dimostrava come alla fase di abulia fosse subentrata una crisi di iperattivismo»"
narr_seg_expr_1.52,,,,psych_prof_4,
narr_seg_expr_1.52,,,,psych_prof_5,
narr_seg_expr_1.53,sherlock_doyle1,narrator_1.1,narrated-speech,attitude_4,"«Con un’aria noncurante che mi sembrava rasentare l’affettazione, fece avanti e indietro lungo il marciapiede, guardando con espressione assente il terreno, il cielo, le case di fronte e la staccionata […]. Si fermò due volte, e in un caso lo vidi sorridere mentre lanciava un’esclamazione soddisfatta»"
narr_seg_expr_1.53,,,,kin_habit_2,
narr_seg_expr_1.53,,,,exp_habit_1,
narr_seg_expr_1.54,sherlock_doyle1,narrator_1.1,narrated-speech,expertise_1,«Tuttavia avevo avuto così clamorose conferme di quanto fossero fulminee le sue capacità percettive che non dubitavo fosse in grado di scorgere tante cose a me nascoste»
narr_seg_expr_1.55,sherlock_doyle1,narrator_1.1,narrated-speech,kin_habit_3,"«Mentre parlava le sue agili dita svolazzavano dappertutto, premendo, tastando, sbottonando, esaminando, anche se gli occhi mantenevano la medesima espressione assente […]»"
narr_seg_expr_1.56,sherlock_doyle1,narrator_1.1,narrated-speech,recur_p_obj_1,«Non aveva ancora finito di parlare che tirò fuori di tasca un metro a nastro e una grossa lente d'ingrandimento»
narr_seg_expr_1.56,,,,recur_p_obj_2,
narr_seg_expr_1.57,sherlock_doyle1,narrator_1.1,narrated-speech,attitude_5,"«Era talmente assorto nell’operazione che sembrava essersi dimenticato della nostra presenza, visto che monologava sottovoce tutto il tempo, con un fuoco di fila di esclamazioni, grugniti, fischi e gridolini di giubilo e incoraggiamento»"
narr_seg_expr_1.57,,,,exp_habit_2,
narr_seg_expr_1.57,,,,exp_habit_3,
narr_seg_expr_1.57,,,,exp_habit_4,
narr_seg_expr_1.57,,,,exp_habit_5,
narr_seg_expr_1.57,,,,exp_habit_6,
narr_seg_expr_1.57,,,,exp_habit_7,
narr_seg_expr_1.58,sherlock_doyle1,narrator_1.1,narrated-speech,symb_imag_1,«Mi ricordava un bracco di razza ben addestrato che scatta a destra e a manca nel sottobosco […]»
narr_seg_expr_1.59,sherlock_doyle1,narrator_1.1,narrated-speech,self_perception,"«Il mio compagno arrossì, compiaciuto per le mie parole e per il tono convinto con cui le avevo pronunciate. Avevo già notato che era sensibile sulle sue doti quanto può esserlo una fanciulla riguardo la propria avvenenza»"
narr_seg_expr_1.60,sherlock_doyle1,narrator_1.1,narrated-speech,symb_imag_2,"«Il segugio dilettante attaccò a cantare come un’allodola, appoggiato allo schienale della carrozza […]»"
narr_seg_expr_1.60,,,,symb_imag_3,
narr_seg_expr_1.61,sherlock_doyle1,narrator_1.1,direct-speech,methodology,«La nostra anima conserva vaghi ricordi di quei secoli nebulosi in cui il mondo era ancora nella sua infanzia»
narr_seg_expr_1.62,sherlock_doyle1,narrator_1.1,narrated-speech,habit_5,"«Quando tornai con la pistola, la tavola era stata sparecchiata e Holmes era impegnato nella sua attività prediletta, strimpellare il violino»"
narr_seg_expr_1.63,sherlock_doyle1,narrator_1.1,narrated-speech,pers_style_2,«Rispuntò qualche secondo dopo avvolto in un cappottone e una sciarpa»
narr_seg_expr_1.63,,,,pers_style_3,
narr_seg_expr_1.64,sherlock_doyle1,narrator_1.1,narrated-speech,exp_habit_8,"«Appena Holmes entrò gli lessi in faccia che aveva fatto cilecca. Sembrava combattuto tra ilarità e depressione, poi prevalse la prima e si lasciò andare a un grassa risata»"
narr_seg_expr_1.65,sherlock_doyle1,narrator_1.1,narrated-speech,mannerism_3,"«Continuava a fare su e giù per la stanza, con il mento affondato nel petto e le sopracciglia aggrottate, come era solito fare quando rifletteva»"
narr_seg_expr_1.65,,,,mannerism_4,
narr_seg_expr_1.66,sherlock_doyle1,narrator_1.1,narrated-speech,kin_habit_4,"«Signori, vi presento Jefferson Hope, l’assassino di Enoch Drebber e Joseph Stangerson», esclamò con gli occhi che mandavano lampi»"
narr_seg_expr_1.67,sherlock_doyle1,narrator_1.1,narrated-speech,symb_imag_1,"«Ma prima che potesse passare del tutto Gregson, Lestrade e Holmes gli balzarono addosso come tanti cani da caccia»"
narr_seg_expr_1.68,sherlock_doyle1,narrator_1.1,direct-speech,exp_habit_9,"«[…] Per quanto semplice, aveva parecchi punti assai istruttivi»"
narr_seg_expr_1.69,sherlock_doyle1,narrator_1.1,narrated-speech,kin_habit_2,"«Semplice?» Esclamai. «Davvero, non saprei come descriverlo in altro modo» disse Holmes, con un sorriso notando il mio stupore."
narr_seg_expr_1.70,sherlock_doyle1,narrator_1.1,direct-speech,methodology,"«Le ho già spiegato che quanto esula dall'ordinario è più una guida che un ostacolo. Quando devi risolvere un problema del genere è essenziale saper ragionare a ritroso. È una tecnica molto utile, e molto semplice, eppure la gente non la mette quasi mai in pratica. Negli affari di tutti i giorni conviene più ragionare dal presente al futuro, mentre l'inverso, dal presente al passato, tende a essere trascurato. Ci sono cinquanta persone che ragionano in maniera sintetica per una che sa ragionare analiticamente»"
narr_seg_expr_2.1,sherlock_doyle2,narrator_2.1,narrated-speech,name,"«Sherlock Holmes, che aveva l’abitudine di alzarsi molto tardi al mattino, tranne quando, come spesso capitava, rimaneva in piedi tutta la notte, era seduto a tavola per la prima colazione»"
narr_seg_expr_2.1,,,,habit_7,
narr_seg_expr_2.2,sherlock_doyle2,narrator_2.1,narrated-speech,habit_1,"«Watson, lei ha davvero superato se stesso” esclamò Holmes, spingendo indietro la sedia e accendendosi una sigaretta»"
narr_seg_expr_2.3,sherlock_doyle2,narrator_2.1,narrated-speech,recur_p_obj_2,"«Poi, con un’espressione di vivo interesse, posò la sigaretta, si avvicinò alla finestra e lo osservò nuovamente con una lente di ingrandimento»"
narr_seg_expr_2.4,sherlock_doyle2,narrator_2.1,direct-speech,expression_1,"«Interessante, per quanto elementare,» concluse, tirando a sedersi nel suo angolo preferito del divano»"
narr_seg_expr_2.5,sherlock_doyle2,narrator_2.1,direct-speech,occupation_3,"«[…] Che cosa vorrà mai il dottor James Mortimer, uomo di scienza, da Sherlock Holmes, specialista del crimine? Avanti!»"
narr_seg_expr_2.6,sherlock_doyle2,narrator_2.1,narrated-speech,kin_habit_5,"«Si appoggiò all’indietro, congiungendo i polpastrelli delle dita, e assunse la più distaccata e professionale delle sue espressioni»"
narr_seg_expr_2.6,,,,attitude_6,
narr_seg_expr_2.6,,,,attitude_7,
narr_seg_expr_2.7,sherlock_doyle2,narrator_2.1,narrated-speech,need_1,"«Sapevo che il mio amico aveva bisogno di rimanere solo in quelle ore di intensa concentrazione in cui avrebbe soppesato ogni frammento di prova, costruito teorie alternative, confrontandole fra loro, e deciso quali punti fossero da considerare essenziali e quali trascurabili»"
narr_seg_expr_2.8,sherlock_doyle2,narrator_2.1,narrated-speech,habit_6,"«Attraverso quella fitta cortina di fumo riuscivo a malapena a intravedere Holmes, raggomitolato su una poltrona con la veste da camera e con la sua pipa di terracotta nera tra le labbra»"
narr_seg_expr_2.8,,,,pers_style_4,
narr_seg_expr_2.8,,,,recur_p_obj_3,
narr_seg_expr_2.9,sherlock_doyle2,narrator_2.1,direct-speech,exist_outlook_1,«Il mondo è pieno di cose ovvie che nessuno mai osserva»
narr_seg_expr_2.10,sherlock_doyle2,narrator_2.1,direct-speech,habit_5,«[…] Posso chiederle di passarmi il violino e rimandare ogni ulteriore considerazione sull’argomento a domattina[…]?»
narr_seg_expr_2.11,sherlock_doyle2,narrator_2.1,narrated-speech,pers_style_4,"«Il nostro tavolo della prima colazione era già stato sparecchiato da tempo, e Holmes aspettava in veste da camera il colloquio che ci era stato promesso»"
narr_seg_expr_2.12,sherlock_doyle2,narrator_2.1,narrated-speech,psych_prof_6,«Holmes si trasformò istantaneamente da languido sognatore in energico uomo d’azione»
narr_seg_expr_2.12,,,,psych_prof_7,
narr_seg_expr_2.13,sherlock_doyle2,narrator_2.1,narrated-speech,attitude_8,"«Sherlock Holmes possedeva in sommo grado la capacità di estraniarsi mentalmente, a suo piacere, dai problemi che lo affliggevano»"
narr_seg_expr_2.14,sherlock_doyle2,narrator_2.1,narrated-speech,knowledge_14,"«Non fece altro che parlare d’arte, argomento circa il quale aveva peraltro idee piuttosto audaci, dal momento in cui lasciammo la galleria fino a quando ci ritrovammo davanti al Northumberland Hotel»"
narr_seg_expr_2.15,sherlock_doyle2,narrator_2.1,direct-speech,self_perception,"«La fama del suo amico detective è giunta fino a noi, e lei non poteva scriverne senza acquistare a sua volta notorietà»"
narr_seg_expr_2.16,sherlock_doyle2,narrator_2.1,indirect-style,expertise_4,"«Tutto ciò, comunque, esula dalla missione di cui lei mi ha incaricato, e molto probabilmente risulterà del tutto privo di interesse per una mente rigorosamente pratica come la sua»"
narr_seg_expr_2.17,sherlock_doyle2,narrator_2.1,indirect-style,knowledge_8,«Ricordo ancora la sua totale indifferenza alla questione se fosse il sole a girare intorno alla terra o la terra intorno al sole»
narr_seg_expr_2.18,sherlock_doyle2,narrator_2.1,reported-speech,belief_1,"«Holmes non darebbe certamente retta a simili fandonie, e io sono qui per suo incarico»"
narr_seg_expr_2.19,sherlock_doyle2,narrator_2.1,narrated-speech,exp_habit_10,"«Quella voce fredda, incisiva, ironica, poteva appartenere a un solo uomo sulla faccia della terra»"
narr_seg_expr_2.19,,,,exp_habit_11,
narr_seg_expr_2.19,,,,exp_habit_12,
narr_seg_expr_2.20,sherlock_doyle2,narrator_2.1,narrated-speech,feature_3,«[…] i suoi occhi grigi luccicarono divertiti su appena si posarono sulla mia faccia allibita»
narr_seg_expr_2.21,sherlock_doyle2,narrator_2.1,narrated-speech,pers_style_5,«Con il suo completo di tweed e il suo berretto di panno sembrava proprio uno dei tanti turisti che venivano in gita sulla brughiera»
narr_seg_expr_2.21,,,,pers_style_6,
narr_seg_expr_2.22,sherlock_doyle2,narrator_2.1,narrated-speech,attitude_9,"«Inoltre, con quella pignola cura da gatto per la propria persona che era una delle sue caratteristiche, era riuscito a escogitare un sistema perché il suo mento fosse perfettamente rasato e la sua biancheria immacolata proprio come in Baker Street»"
narr_seg_expr_2.23,sherlock_doyle2,narrator_2.1,narrated-speech,feature_3,"«Holmes scattò in piedi e in un attimo vidi la sua sagoma scura, atletica, profilarsi sulla soglia […]»"
narr_seg_expr_2.24,sherlock_doyle2,narrator_2.1,narrated-speech,psych_prof_8,"«Dov’è?» sussurrò Holmes; capii, dal tremito della sua voce, che persino lui, l’uomo dai nervi d’acciaio, era profondamente turbato»"
narr_seg_expr_2.25,sherlock_doyle2,narrator_2.1,narrated-speech,psych_prof_8,"«Era mai possibile che quello fosse il mio severo amico, sempre così controllato e padrone di sé? C’era davvero un fuoco nascosto in lui!»"
narr_seg_expr_2.26,sherlock_doyle2,narrator_2.1,direct-speech,self_perception,«Il mio dovere di investigatore coscienzioso sarebbe quello di arrestare tutti gli abitanti della casa per favoreggiamento […]»
narr_seg_expr_2.27,sherlock_doyle2,narrator_2.1,direct-speech,knowledge_14,"«Watson non ammetterà mai che io capisca qualcosa in fatto di arte, ma la sua è pura gelosia, dal momento che abbiamo punti di vista molto diversi in materia […]»"
narr_seg_expr_2.28,sherlock_doyle2,narrator_2.1,direct-speech,methodology,«La prima qualità di un bravo criminologo è proprio quella di riconoscere un travestimento»
narr_seg_expr_2.29,sherlock_doyle2,narrator_2.1,narrated-speech,exp_habit_8,"«Mentre si allontanava dal quadro, scoppiò in una delle sue rare risate. Lo avevo inteso ridere raramente, e il suo riso aveva ogni volta presagio di sciagura a qualcuno»"
narr_seg_expr_2.30,sherlock_doyle2,narrator_2.1,narrated-speech,symb_imag_4,«Mi sembra un generale che stia concertando un piano di battaglia insieme al proprio capo di stato maggiore»
narr_seg_expr_2.31,sherlock_doyle2,narrator_2.1,direct-speech,knowledge_2,"«Gli studiosi di criminologia rammenteranno senz’altro gli episodi analoghi avvenuti nel 1866 a Grodno, nella Piccola Russia, e naturalmente i delitti Anderson nella Carolina del Nord; ma questo caso presenta caratteristiche assolutamente uniche»"
narr_seg_expr_2.32,sherlock_doyle2,narrator_2.1,narrated-speech,psych_prof_2,"«Uno dei difetti di Sherlock Holmes, dato e non concesso che si trattasse di un difetto, era quello di essere estremamente restio a comunicare a chiunque altro i suoi piani fino al momento stesso della loro attuazione»"
narr_seg_expr_2.33,sherlock_doyle2,narrator_2.1,narrated-speech,attitude_10,"«Questo era dovuto in parte, senza dubbio, alla sua natura autoritaria, che si compiaceva nel dominare e sorprendere coloro che gli stavano interno; in parte alla sua prudenza professionale, che gli imponeva di non correre mai rischi inutili»"
narr_seg_expr_2.33,,,,expertise_6,
narr_seg_expr_2.34,sherlock_doyle2,narrator_2.1,narrated-speech,mannerism_1,"«Ma all’improvviso li vidi irrigidirsi in uno sguardo fisso, come impietrito, mentre le labbra si spalancarono per lo stupore»"
narr_seg_expr_2.34,,,,mannerism_5,
narr_seg_expr_2.35,sherlock_doyle2,narrator_2.1,narrated-speech,psych_prof_9,"«Avevo atteso pazientemente l’occasione propizia, sapendo che non ammetteva mai che un suo caso si sovrapponesse a un altro, e che la sua mente logica e razionale non si lasciava distogliere dall’indagine in corso per riandare ai ricordi del passato»"
narr_seg_expr_2.36,sherlock_doyle2,narrator_2.1,direct-speech,methodology,"«Più un particolare sembra grottesco e stravagante, più vale la pena di esaminarlo attentamente, e proprio ciò che apparentemente complica un caso, se analizzato a fondo e vagliato con metodo scientifico, diventa elemento che finisce per chiarirlo»"
narr_seg_expr_2.37,sherlock_doyle2,narrator_2.1,direct-speech,inter_2,"«Una domanda interessante, ma temo che pretenda troppo se si aspetta che sappia risponderle. Il passato e il presente rientrano nella mia sfera d’indagine, ma quello che una persona farà in futuro è davvero difficile saperlo»"
narr_seg_expr_3.1,sherlock_doyle3,narrator_3.1,narrated-speech,skill_2,«È col cuore gonfio che prendo in mano la penna per tracciare queste che saranno le ultime parole che scriverò per narrare le doti singolari che sempre distinsero il mio amico Sherlock Holmes»
narr_seg_expr_3.1,,,,name,
narr_seg_expr_3.2,sherlock_doyle3,narrator_3.2,direct-speech,psych_prof_8,"«Credo che mi conosca abbastanza bene, Watson, per comprendere che non sono affatto un individuo nervoso»"
narr_seg_expr_3.3,sherlock_doyle3,narrator_3.2,narrated-speech,attitude_11,"«Non era nel suo carattere prendersi una vacanza inutile, e qualcosa nel viso pallido e sciupato mi diceva che i suoi nervi erano al massimo della tensione»"
narr_seg_expr_3.3,,,,feature_3,
narr_seg_expr_3.3,,,,emo_state_2,
narr_seg_expr_3.4,sherlock_doyle3,narrator_3.2,direct-speech,need_2,"«Potrei vivere il resto dei miei giorni nella pace nella tranquillità che mi sono così care, concentrando tutta la mia attenzione sui miei esperimenti chimici»"
narr_seg_expr_3.4,,,,need_3,
narr_seg_expr_3.4,,,,habit_2,
narr_seg_expr_3.5,sherlock_doyle3,narrator_3.2,direct-speech,occupation_2,"«La sua è stata una carriera particolarmente straordinaria. È di buona nascita e di educazione eccellente, ed è stato dotato dalla natura di una mente matematica fenomenale»"
narr_seg_expr_3.5,,,,socioec_status,
narr_seg_expr_3.5,,,,knowledge_14,
narr_seg_expr_3.5,,,,psych_prof_9,
narr_seg_expr_3.6,sherlock_doyle3,narrator_3.2,direct-speech,knowledge_15,"«Come lei sa, Watson, nessuno meglio di me conosce l’ambiente criminoso dei quartieri alti di Londra»"
narr_seg_expr_3.7,sherlock_doyle3,narrator_3.2,direct-speech,methodology,"«Quell’uomo è un Napoleone del crimine, Watson, è l’organizzatore di metà delle malvagità e di quasi tutto ciò che rimane impunito in questa grande città»"
narr_seg_expr_3.8,sherlock_doyle3,narrator_3.2,direct-speech,self_perception,«Le mie finte sono magnifiche»
narr_seg_expr_3.9,sherlock_doyle3,narrator_3.2,direct-speech,psych_prof_8,"«Lei sa che i miei nervi sono a prova di bomba, Watson»"
narr_seg_expr_3.10,sherlock_doyle3,narrator_3.2,direct-speech,expertise_5,«Tutto quello che ho da dirle ha già attraversato la sua mente»
narr_seg_expr_3.11,sherlock_doyle3,narrator_3.2,direct-speech,methodology,«Il pericolo è parte del mio mestiere»»
narr_seg_expr_3.12,sherlock_doyle3,narrator_3.2,narrated-speech,attitude_12,"«Avevo molte volte ammirato il coraggio del mio amico, ma mai come in quel momento in cui mi stava enumerando con la massima tranquillità una serie di incidenti che avevano disseminato la sua giornata di pericoli continui»"
narr_seg_expr_3.12,,,,psych_prof_8,
narr_seg_expr_3.13,sherlock_doyle3,narrator_3.2,direct-speech,exist_outlook,"«Penso di poter affermare senza falsa modestia, Watson, di non avere speso la mia vita del tutto invano»"
narr_seg_expr_3.14,sherlock_doyle3,narrator_3.2,direct-speech,attitude_13,"«Se la mia attività terminasse stanotte, considererei la cosa con equanimità»"
narr_seg_expr_3.15,sherlock_doyle3,narrator_3.2,direct-speech,principle,"«[…] in più di mille casi, credo di non avere mai fatto uso una sola volta delle mie forze a favore dell’ingiustizia»"
narr_seg_expr_3.16,sherlock_doyle3,narrator_3.2,direct-speech,methodology,"«In questi ultimi tempi ho cercato di penetrare nei misteri della natura, piuttosto che in quelli più superficiali di cui è responsabile il nostro artificioso stato sociale»"
narr_seg_expr_3.17,sherlock_doyle3,narrator_3.2,narrated-speech,recur_p_obj_4,"«Dalla cima di questo spalto di roccia il bagliore di un oggetto luccicante colpì la mia vista, e alzando una mano mi accorsi che quell’oggetto altro non era che il portasigarette d’argento di Holmes»"
narr_seg_expr_3.18,sherlock_doyle3,narrator_3.2,narrated-speech,skill_3,"«Era tipico dell’uomo che il tracciato fosse preciso e la calligrafia chiara e ferma, come se avesse scritto quel supremo appello tranquillamente seduto nel suo studio»"
narr_seg_expr_4.1,sherlock_doyle4,narrator_4.1,narrated-speech,name,"«La plus étrange parmi ces affaires, toutes résolues grâce à l'habileté d e Sherlock Holmes, l'une des plus révélatrices aussi du talent de détection de mon illustre ami, me paraît être l'affaire du Loup chantant de Forest Gate»"
narr_seg_expr_4.1,,,,expertise_1,
narr_seg_expr_4.2,sherlock_doyle4,narrator_4.1,narrated-speech,emo_state_3,«Holmes traversait une des ces périodes d’ennui qui ne lui sont pas inhabituelles et qui le faisaient déplorer la disparition de James Moriarty»
narr_seg_expr_4.2,,,,need_4,
narr_seg_expr_4.3,sherlock_doyle4,narrator_4.2,narrated-speech,habit_5,«Son Stradivarius même ne le distrayait plus»
narr_seg_expr_4.4,sherlock_doyle4,narrator_4.2,narrated-speech,habit_6,"«je l'avais trouvé, au retour d' une visite urgente chez un client de Kensington, affalé dans son fauteuil, exactement dans la position où je l’avais quitté trois heures plus tôt»"
narr_seg_expr_4.5,sherlock_doyle4,narrator_4.2,narrated-speech,habit_1,«Mais le tabac contenu dans la babouche persane»
narr_seg_expr_4.5,,,,recur_p_obj_5,
narr_seg_expr_4.6,sherlock_doyle4,narrator_4.2,narrated-speech,habit_1,"«Malgré la température qui régnait au-dehors, j'ouvris la fenêtre pour dissiper la fumée du tabac plus épaisse que le brouillard extérieur»"
narr_seg_expr_4.7,sherlock_doyle4,narrator_4.2,narrated-speech,habit_4,"«Je jetai un coup d'œil au flacon de cocaïne dont le niveau était resté le même, sur le manteau de la cheminée»"
narr_seg_expr_4.8,sherlock_doyle4,narrator_4.2,narrated-speech,emo_state_1,"«Je craignais que mon ami, à l'occasion de cette période de dépression, ne fût retombé dans la funeste habitude dont j'avais eu le plus grand mal à le guérir»"
narr_seg_expr_4.8,,,,habit_4,
narr_seg_expr_4.9,sherlock_doyle4,narrator_4.2,narrated-speech,recur_p_obj_3,«Holmes s'occupait maintenant à les trier et à les mettre à sécher: ils constitueraient sa première pipe du matin»
narr_seg_expr_4.10,sherlock_doyle4,narrator_4.2,narrated-speech,emo_state_4,«l'hébétude de Sherlock Holmes n'était qu'apparente et son état de prostration physique et mentale n'empêchait nullement le prodigieux cerveau de noter le plus infime détail»
narr_seg_expr_4.10,,,,emo_state_5,
narr_seg_expr_4.10,,,,expertise_2,
narr_seg_expr_4.11,sherlock_doyle4,narrator_4.2,narrated-speech,expertise_3,«et d'en déduire le cours de mes pensées avec une virtuosité que n'aurait pas renié le Chevalier Auguste Dupin»
narr_seg_expr_4.12,sherlock_doyle4,narrator_4.2,narrated-speech,expertise_3,«Décidément mes processus mentaux ne semblaient avoir aucun secret pour ce diable d'homme»
narr_seg_expr_4.12,,,,symb_imag_5,
narr_seg_expr_4.13,sherlock_doyle4,narrator_4.2,narrated-speech,psych_prof_5,«Et Holmes retomba dans une apathie analogue à celle qui a dû saisir Wellington et toute l'Angleterre lorsque nous eûmes cloué Napoléon au rocher de Saint-Hélèn»
narr_seg_expr_4.14,sherlock_doyle4,narrator_4.2,narrated-speech,expertise_3,"«Moi-même, habitué pourtant aux stupéfiants facilités de déduction de mon co-locataire, comme à son innocente manie d’étonner la galerie […]»"
narr_seg_expr_4.14,,,,attitude_14,
narr_seg_expr_4.15,sherlock_doyle4,narrator_4.2,direct-speech,expertise_2,"«Il me suffit de lire sur l'aspect extérieur des gens. C'est mon métier de mieux voir que le commun des mortels, et c'est pour ça que vous êtes venue me consulter, fit-il en riant»"
narr_seg_expr_4.15,,,,self_perception,
narr_seg_expr_4.16,sherlock_doyle4,narrator_4.2,narrated-speech,psych_prof_9,"«Holmes lui même, cette impassible mécanique intellectuelle, était plus ému qu'il ne le voulait paraître»"
narr_seg_expr_4.16,,,,psych_prof_8,
narr_seg_expr_4.17,sherlock_doyle4,narrator_4.2,narrated-speech,symb_imag_6,«Je trouvai à Sherlock Holmes des allures de félin tandis qu'il marchait de long en large dans un état de fébrilité qui contrastait avec son abattement de l'heure précédente»
narr_seg_expr_4.17,,,,psych_prof_4,
narr_seg_expr_4.17,,,,psych_prof_5,
narr_seg_expr_4.18,sherlock_doyle4,narrator_4.2,direct-speech,expression_2,"«Elémentaire, mon cher Watson!»"
narr_seg_expr_4.19,sherlock_doyle4,narrator_4.2,direct-speech,methodology,"«Les crimes banals sont parfois l'œuvre d'esprits dérangés fit Holmes, mais en règle générale, les affaires les plus extraordinaires s'expliquent souvent par les mobiles les plus terre à terre. Rappelez-vous, Watson, l'affaire des rouquins»"
narr_seg_expr_4.20,sherlock_doyle4,narrator_4.2,direct-speech,exp_habit_13,"«Vide?» fit Holmes, «voilà qui est intéressant»"
narr_seg_expr_4.21,sherlock_doyle4,narrator_4.2,narrated-speech,symb_imag_1,"«Holmes ressemblait maintenant au chien de chasse sur la piste du gibier. Sans plus se soucier de Lestrade ni de ses agents, il s’aplatit sur le tapis, flairant positivement le moindre recoin de la pièce»"
narr_seg_expr_4.22,sherlock_doyle4,narrator_4.2,narrated-speech,recur_p_obj_2,«sa loupe»
narr_seg_expr_4.23,sherlock_doyle4,narrator_4.2,narrated-speech,recur_p_obj_1,"«Puis il considéra longuement la surface de marbre qui couvrait celle-ci, allant jusqu'à la mesurer à l'aide du mètre pliant qui ne le quittait jamais»"
narr_seg_expr_4.24,sherlock_doyle4,narrator_4.2,narrated-speech,recur_p_obj_3,"«Holmes se détendit soudain, allumant sa courte bouffarde»"
narr_seg_expr_4.25,sherlock_doyle4,narrator_4.2,narrated-speech,psych_prof_10,«La suffisance est un des menus défauts de ce grand esprit qu’est Sherlock Holmes»
narr_seg_expr_4.26,sherlock_doyle4,narrator_4.2,narrated-speech,exp_habit_14,«[...]avec la voix impérieuse qui caractérise le Holmes des grandes occasions»
narr_seg_expr_4.27,sherlock_doyle4,narrator_4.2,narrated-speech,pers_style_7,«Holmes ridiculement accoutré d’une pèlerine rouge et d’une petite jupe»
narr_seg_expr_4.27,,,,pers_style_8,
narr_seg_expr_5.1,sherlock_doyle5,narrator_5.1,narrated-speech,feature_1,"«Stanno poi sorbendo i loro cappuccini quando un uomo alto, ben riconoscibile dal mantello a larghe pieghe e dal singolare berretto, viene a esaminare le loro targhette con una grossa lente - Permettete? Holmes, - dice presentando anche il suo compagno, sul risvolto del quale si legge: «Dr. Watson»"
narr_seg_expr_5.1,,,,pers_style_9,
narr_seg_expr_5.1,,,,pers_style_10,
narr_seg_expr_5.1,,,,recur_p_obj_2,
narr_seg_expr_5.1,,,,name,
narr_seg_expr_5.2,sherlock_doyle5,narrator_5.1,direct-speech,expression_3,"«- Elementare, mio caro Dupin! - sorride Holmes, seccato in realtà di essere stato prevenuto»"
narr_seg_expr_5.2,,,,kin_habit_2,
narr_seg_expr_5.2,,,,emo_state_12,
narr_seg_expr_5.3,sherlock_doyle5,narrator_5.1,narrated-speech,recur_p_obj_2,"«[…] per dare la parola a Holmes, che ha alzato la sua lente. - C’è - dice l’esperto di cani fluorescenti, - un puntino che vorrei mettere subito su una certa i […]»"
narr_seg_expr_5.3,,,,symb_imag_7,
narr_seg_expr_5.4,sherlock_doyle5,narrator_5.1,narrated-speech,kin_habit_2,"«- Grazie, - sorride a sua volta Holmes. - È quello che temevo»"
narr_seg_expr_5.5,sherlock_doyle5,narrator_5.1,narrated-speech,belief_2,«Holmes[...] ha come un brivido alla parola fantasmi»
narr_seg_expr_5.6,sherlock_doyle5,narrator_5.1,direct-speech,knowledge_5,"«Holmes - Si tratta comunque di beghe meschine, indegne di un gentleman. I prestiti, gli scambi, i rimbalzi di temi e personaggi da un autore all’altro, hanno sempre fatto parte del gioco letterario»"
narr_seg_expr_5.7,sherlock_doyle5,narrator_5.1,direct-speech,psych_prof_11,"«Holmes (fantomatico) - Escogitò da vivo, ma preferì tacere da morto»"
narr_seg_expr_5.8,sherlock_doyle5,narrator_5.1,direct-speech,expertise_3,«ll quale ha cominciato a dubitare (come Holmes e Dupin deducono facilmente da sua espressione) che tanta rassomiglianza sia dovuta puro caso»
narr_seg_expr_5.9,sherlock_doyle5,narrator_5.1,direct-speech,attitude_15,"«Vediamo allora Holmes rabbuiarsi, e capiamo subito perché»"
narr_seg_expr_5.10,sherlock_doyle5,narrator_5.1,direct-speech,belief_2,"«Si capisce perciò che ogni fatto paranormale lo allarmi, nel corso di questo convegno, e tanto già l’autentica trance […]»"
narr_seg_expr_5.11,sherlock_doyle5,narrator_5.1,narrated-speech,kin_habit_6,"«Holmes, a queste parole, ha battuto un pugno sul tavolo e se n’è andato dicendo che non c’era più dubbio: era lo spirito di Dickens a provocare i fenomeni, per ammonire che la verità sul caso Drood non doveva venire alla luce»"
narr_seg_expr_5.11,,,,belief_2,
narr_seg_expr_5.12,sherlock_doyle5,narrator_5.1,narrated-speech,psych_prof_12,"«Holmes (lugubre) - Sarà, e anzi per me andrebbe benissimo… Ma non vedo allora perché, nella sua comunicazione dall’aldilà, l’autore mi avrebbe detto di non volere che la verità venisse in luce»"
narr_seg_expr_5.12,,,direct-speech,belief_2,
narr_seg_expr_5.13,sherlock_doyle5,narrator_5.1,narrated-speech,expertise_1,«S’interrompe. Si capisce che il suo istinto di indagatore sta lottando contro la promessa fatta allo spirito di Dickens. Infine scuote la testa e rinuncia a proseguire»
narr_seg_expr_5.13,,,,belief_2,
narr_seg_expr_5.14,sherlock_doyle5,narrator_5.1,narrated-speech,emo_state_13,«Holmes (pallido come un morto) [...]»
narr_seg_expr_5.15,sherlock_doyle5,narrator_5.1,narrated-speech,attitude_16,"«Holmes (silenzioso e a capo chino, ignora gli sguardi dei colleghi e le domande a bassa voce di Watson)»"
narr_seg_expr_5.15,,,,kin_habit_7,
narr_seg_expr_5.16,sherlock_doyle5,narrator_5.1,indirect-style,belief_2,"«Fu un caso (si chiede qui Poirot) a farmi ricordare di quei fantasmi [...]. Fu così che cominciai a riflettere sui soprannaturali timori di Holmes, e a chiedermi se non avessero dopo tutto un fondamento reale»"